row_id,name,email,address,phone,true_id
row-0001,Jayden Gonzalez,,"36 Valley Ln, Springfield, IL 62736",(555) 010-0036,id-0036
row-0002,"Chavez, Leah",lchavez@mail.example.org,"8080 80 Hilltop Blvd, Springfield, IL 62780 Apt 20",(555) 010.0080,id-0080
row-0003,James Harris,,"13 Sycamore St, Springfield, IL 62713",(555) 010-0013,id-0013
row-0004,"Lopez, Levi",llopez@mail.example.org,"3030 30 Harbor Ave, Springfield, IL 62730 Apt 10",(555) 010.0030,id-0030
row-0005,"Jackson, Henry",hjackson@mail.example.org,"1111 11 Willow Dr, Springfield, IL 62711 Apt 11",(555) 010.0011,id-0011
row-0006,Jasmine Burke,,,(555) 010-0084,id-0084
row-0007,Gvain Brooks,gavin.brooks1@example.net,"6564 65 Hillcrest Rd, Springfield, IL 62765",555-010-0065,id-0065
row-0008,Rayn Roberts,ryan.roberts5@example.net,,555-010-0041,id-0041
row-0009,Isabella Moore,,"7 Walnut Ave., Springfield, IL 62707",(555) 010-0007,id-0007
row-0010,Zeo Marshall,zoe.marshall5@example.net,"7677 76 Ridgeway St, Springfield, IL 62776",,id-0076
row-0011,Cahrlotte Anderson,charlotte.anderson1@example.net,"900 9 Poplar St, Springfield, IL 62709",555-010-0009,id-0009
row-0012,Danielle Harvey,,"99 Harbor St, Springfield, IL 62799",,id-0099
row-0013,Carter Baker,,"35 Orchard Rd., Springfield, IL 62735",(555) 010-0035,id-0035
row-0014,Victoria Hale,,,(555) 010-0074,id-0074
row-0015,Parker Fisher,,"69 Cedarview Ave., Springfield, IL 62769",,id-0069
row-0016,Dneise Hopkins,denise.hopkins1@example.net,"10001 100 Oakview Ave, Springfield, IL 62800",555-010-0100,id-0100
row-0017,Vlaerie Stevens,valerie.stevens6@example.net,"9899 98 Brook Rd, Springfield, IL 62798",555-010-0098,id-0098
row-0018,"Harris, James",jharris@mail.example.org,"1313 13 Sycamore St, Springfield, IL 62713 Apt 13",(555) 010.0013,id-0013
row-0019,"Reed, Adrian",areed@mail.example.org,"5353 53 Westlake St, Springfield, IL 62753 Apt 13",(555) 010.0053,id-0053
row-0020,"Bailey, Cameron",cbailey@mail.example.org,"5858 58 Ridgecrest St, Springfield, IL 62758 Apt 18",(555) 010.0058,id-0058
row-0021,"Bishop, Hannah",hbishop@mail.example.org,"8282 82 Orchardview Ave, Springfield, IL 62782 Apt 2",,id-0082
row-0022,Emma Johnson,,"1 Oak St, Springfield, IL 62701",(555) 010-0001,id-0001
row-0023,"Pierce, Stella",spierce@mail.example.org,"7575 75 Sunrise Blvd, Springfield, IL 62775 Apt 15",(555) 010.0075,id-0075
row-0024,"Burke, Jasmine",jburke@mail.example.org,"8484 84 Brookview Ln, Springfield, IL 62784 Apt 4",(555) 010.0084,id-0084
row-0025,Eil Stewart,eli.stewart6@example.net,"4948 49 Harborview St, Springfield, IL 62749",555-010-0049,id-0049
row-0026,Jonathan Parker,,"45 North St, Springfield, IL 62745",(555) 010-0045,id-0045
row-0027,Lcuy Lynch,lucy.lynch5@example.net,"8382 83 Valley Rd, Springfield, IL 62783",555-010-0083,id-0083
row-0028,"Fisher, Parker",pfisher@mail.example.org,"6969 69 Cedarview Ave, Springfield, IL 62769 Apt 9",(555) 010.0069,id-0069
row-0029,"Wright, Jacob",jwright@mail.example.org,"2929 29 Field St, Springfield, IL 62729 Apt 9",(555) 010.0029,id-0029
row-0030,"Smith, Olivia",osmith@mail.example.org,"234 2 Maple Ave, Springfield, IL 62702 Apt 2",,id-0002
row-0031,Allison Cruz,,"95 Lakeview Rd., Springfield, IL 62795",(555) 010-0095,id-0095
row-0032,Iasac Turner,isaac.turner6@example.net,"4243 42 Crest Ave, Springfield, IL 62742",555-010-0042,id-0042
row-0033,Austin Ward,,,(555) 010-0064,id-0064
row-0034,William White,,"12 Spruce Ct, Springfield, IL 62712",(555) 010-0012,id-0012
row-0035,Calire Nichols,claire.nichols0@example.net,"7879 78 Harborview Ave, Springfield, IL 62778",555-010-0078,id-0078
row-0036,Brayden Richardson,,"61 Parkview Rd., Springfield, IL 62761",(555) 010-0061,id-0061
row-0037,Hialey Webb,hailey.webb0@example.net,"8584 85 Northview St, Springfield, IL 62785",555-010-0085,id-0085
row-0038,"Gonzalez, Jayden",jgonzalez@mail.example.org,"3636 36 Valley Ln, Springfield, IL 62736 Apt 16",(555) 010.0036,id-0036
row-0039,Caleb Mitchell,,"39 Park Rd., Springfield, IL 62739",,id-0039
row-0040,Ehtan Martinez,ethan.martinez2@example.net,"1716 17 Hickory St, Springfield, IL 62717",555-010-0017,id-0017
row-0041,Hailey Webb,,"85 Northview St, Springfield, IL 62785",(555) 010-0085,id-0085
row-0042,"Kim, Brooke",bkim@mail.example.org,"8181 81 Glenwood St, Springfield, IL 62781 Apt 1",(555) 010.0081,id-0081
row-0043,Ldyia Parks,lydia.parks1@example.net,"9392 93 Ridgecrest Ave, Springfield, IL 62793",555-010-0093,id-0093
row-0044,Christopher Allen,,"25 Ridge St, Springfield, IL 62725",(555) 010-0025,id-0025
row-0045,Vivian Grant,,"90 Riverview Ave., Springfield, IL 62790",(555) 010-0090,id-0090
row-0046,Gabriel Adams,,,(555) 010-0034,id-0034
row-0047,Pyeton McCoy,peyton.mccoy3@example.net,"8889 88 Westview Blvd, Springfield, IL 62788",555-010-0088,id-0088
row-0048,Jreemiah Cook,jeremiah.cook4@example.net,"5455 54 Eastwood Ave, Springfield, IL 62754",555-010-0054,id-0054
row-0049,Wesley Ford,,"70 Timber Rd., Springfield, IL 62770",(555) 010-0070,id-0070
row-0050,Michael Clark,,"19 Palm Rd., Springfield, IL 62719",,id-0019
row-0051,Laim Brown,liam.brown2@example.net,"344 3 Pine Rd, Springfield, IL 62703",555-010-0003,id-0003
row-0052,"Grant, Vivian",vgrant@mail.example.org,"9090 90 Riverview Ave, Springfield, IL 62790 Apt 10",(555) 010.0090,id-0090
row-0053,"Anderson, Charlotte",canderson@mail.example.org,"901 9 Poplar St, Springfield, IL 62709 Apt 9",(555) 010.0009,id-0009
row-0054,"Nichols, Claire",cnichols@mail.example.org,"7878 78 Harborview Ave, Springfield, IL 62778 Apt 18",(555) 010.0078,id-0078
row-0055,"Carter, Dylan",dcarter@mail.example.org,"3838 38 Terrace Ave, Springfield, IL 62738 Apt 18",(555) 010.0038,id-0038
row-0056,Thomas Edwards,,"47 East Rd., Springfield, IL 62747",(555) 010-0047,id-0047
row-0057,Nciholas Rogers,nicholas.rogers2@example.net,"5253 52 Southridge Ln, Springfield, IL 62752",555-010-0052,id-0052
row-0058,Jyaden Gonzalez,jayden.gonzalez0@example.net,"3637 36 Valley Ln, Springfield, IL 62736",,id-0036
row-0059,"Cruz, Allison",acruz@mail.example.org,"9595 95 Lakeview Rd, Springfield, IL 62795 Apt 15",(555) 010.0095,id-0095
row-0060,Asutin Ward,austin.ward0@example.net,"6465 64 Lakeside Ave, Springfield, IL 62764",555-010-0064,id-0064
row-0061,Claire Nichols,,"78 Harborview Ave., Springfield, IL 62778",(555) 010-0078,id-0078
row-0062,Hnanah Bishop,hannah.bishop4@example.net,"8283 82 Orchardview Ave, Springfield, IL 62782",555-010-0082,id-0082
row-0063,Mason Garcia,,"16 Alder Ln, Springfield, IL 62716",(555) 010-0016,id-0016
row-0064,Eleanor Fox,,"86 Southview Ave., Springfield, IL 62786",(555) 010-0086,id-0086
row-0065,Adurey Palmer,audrey.palmer6@example.net,"7776 77 Green St, Springfield, IL 62777",555-010-0077,id-0077
row-0066,Ruby Spencer,,"73 Pine Hollow Ave., Springfield, IL 62773",(555) 010-0073,id-0073
row-0067,"Ortiz, Maya",mortiz@mail.example.org,"7979 79 Bayshore Rd, Springfield, IL 62779 Apt 19",(555) 010.0079,id-0079
row-0068,Jnoathan Parker,jonathan.parker2@example.net,"4544 45 North St, Springfield, IL 62745",555-010-0045,id-0045
row-0069,"Lee, Joseph",jlee@mail.example.org,"2222 22 Beech Ave, Springfield, IL 62722 Apt 2",,id-0022
row-0070,Wseley Ford,wesley.ford6@example.net,"7071 70 Timber Rd, Springfield, IL 62770",555-010-0070,id-0070
row-0071,Lcuas Thompson,lucas.thompson0@example.net,"1514 15 Dogwood Rd, Springfield, IL 62715",555-010-0015,id-0015
row-0072,"Campbell, Christian",ccampbell@mail.example.org,"4444 44 Ridgeview Ln, Springfield, IL 62744 Apt 4",(555) 010.0044,id-0044
row-0073,Eilse Moss,elise.moss6@example.net,,555-010-0091,id-0091
row-0074,Elise Moss,,"91 Seaside Rd., Springfield, IL 62791",(555) 010-0091,id-0091
row-0075,"Marshall, Zoe",zmarshall@mail.example.org,"7676 76 Ridgeway St, Springfield, IL 62776 Apt 16",(555) 010.0076,id-0076
row-0076,Naoh Davis,noah.davis3@example.net,"457 4 Cedar Blvd, Springfield, IL 62704",555-010-0004,id-0004
row-0077,"Parker, Jonathan",jparker@mail.example.org,"4545 45 North St, Springfield, IL 62745 Apt 5",(555) 010.0045,id-0045
row-0078,Gbariel Adams,gabriel.adams5@example.net,"3435 34 Brookside Ave, Springfield, IL 62734",555-010-0034,id-0034
row-0079,"Vaughn, Nora",nvaughn@mail.example.org,"9292 92 Cliffside Blvd, Springfield, IL 62792 Apt 12",,id-0092
row-0080,Ardian Reed,adrian.reed3@example.net,"5352 53 Westlake St, Springfield, IL 62753",555-010-0053,id-0053
row-0081,"Ramsey, Ivy",iramsey@mail.example.org,"8989 89 Meadowview St, Springfield, IL 62789 Apt 9",(555) 010.0089,id-0089
row-0082,Connor Morris,,"51 Pinecrest Rd., Springfield, IL 62751",(555) 010-0051,id-0051
row-0083,Adrian Reed,,"53 Westlake St, Springfield, IL 62753",(555) 010-0053,id-0053
row-0084,Setlla Pierce,stella.pierce4@example.net,"7574 75 Sunrise Blvd, Springfield, IL 62775",555-010-0075,id-0075
row-0085,Aaron Sanchez,,"50 Bayside Ave., Springfield, IL 62750",(555) 010-0050,id-0050
row-0086,Nloan Dean,nolan.dean0@example.net,,555-010-0071,id-0071
row-0087,Henry Jackson,,"11 Willow Dr, Springfield, IL 62711",(555) 010-0011,id-0011
row-0088,Mrianda Shaw,miranda.shaw5@example.net,"9796 97 Meadow Ln, Springfield, IL 62797",555-010-0097,id-0097
row-0089,"Hopkins, Denise",dhopkins@mail.example.org,"10000 100 Oakview Ave, Springfield, IL 62800 Apt 20",(555) 010.0100,id-0100
row-0090,Smauel Walker,samuel.walker1@example.net,"2322 23 Fir Rd, Springfield, IL 62723",555-010-0023,id-0023
row-0091,Lnadon Cooper,landon.cooper3@example.net,"6061 60 Lowry Ave, Springfield, IL 62760",555-010-0060,id-0060
row-0092,Vviian Grant,vivian.grant5@example.net,"9091 90 Riverview Ave, Springfield, IL 62790",555-010-0090,id-0090
row-0093,"Ford, Wesley",wford@mail.example.org,"7070 70 Timber Rd, Springfield, IL 62770 Apt 10",(555) 010.0070,id-0070
row-0094,Jacob Wright,,"29 Field St, Springfield, IL 62729",,id-0029
row-0095,Aelxander Robinson,alexander.robinson3@example.net,"1819 18 Cypress Ave, Springfield, IL 62718",555-010-0018,id-0018
row-0096,Tohmas Edwards,thomas.edwards4@example.net,"4746 47 East Rd, Springfield, IL 62747",555-010-0047,id-0047
row-0097,Sebastian Hill,,"31 Lake Rd., Springfield, IL 62731",(555) 010-0031,id-0031
row-0098,Brooke Kim,,"81 Glenwood St, Springfield, IL 62781",(555) 010-0081,id-0081
row-0099,Levi Lopez,,"30 Harbor Ave., Springfield, IL 62730",(555) 010-0030,id-0030
row-0100,"Cook, Jeremiah",jcook@mail.example.org,"5454 54 Eastwood Ave, Springfield, IL 62754 Apt 14",(555) 010.0054,id-0054
row-0101,Oewn Green,owen.green4@example.net,"3332 33 Hill St, Springfield, IL 62733",555-010-0033,id-0033
row-0102,"Diaz, Natalie",ndiaz@mail.example.org,"7272 72 Fox Run St, Springfield, IL 62772 Apt 12",,id-0072
row-0103,"Dean, Nolan",ndean@mail.example.org,"7171 71 Brookside Ln, Springfield, IL 62771 Apt 11",(555) 010.0071,id-0071
row-0104,Mlies Bennett,miles.bennett2@example.net,"6667 66 Orchard Ln, Springfield, IL 62766",,id-0066
row-0105,"Young, Andrew",ayoung@mail.example.org,"2626 26 Glen Ave, Springfield, IL 62726 Apt 6",(555) 010.0026,id-0026
row-0106,"Stewart, Eli",estewart@mail.example.org,"4949 49 Harborview St, Springfield, IL 62749 Apt 9",(555) 010.0049,id-0049
row-0107,Wliliam White,william.white4@example.net,"1213 12 Spruce Ct, Springfield, IL 62712",555-010-0012,id-0012
row-0108,Mai Taylor,mia.taylor0@example.net,"891 8 Chestnut Rd, Springfield, IL 62708",555-010-0008,id-0008
row-0109,David Hall,,,(555) 010-0024,id-0024
row-0110,Mtathew Lewis,matthew.lewis6@example.net,,555-010-0021,id-0021
row-0111,Jcaob Wright,jacob.wright0@example.net,"2928 29 Field St, Springfield, IL 62729",555-010-0029,id-0029
row-0112,Isaac Turner,,"42 Crest Ave., Springfield, IL 62742",(555) 010-0042,id-0042
row-0113,Zoe Marshall,,"76 Ridgeway St, Springfield, IL 62776",(555) 010-0076,id-0076
row-0114,"Ward, Austin",award@mail.example.org,"6464 64 Lakeside Ave, Springfield, IL 62764 Apt 4",(555) 010.0064,id-0064
row-0115,Nicholas Rogers,,"52 Southridge Ln, Springfield, IL 62752",(555) 010-0052,id-0052
row-0116,Megan Stone,,,(555) 010-0094,id-0094
row-0117,Praker Fisher,parker.fisher5@example.net,"6968 69 Cedarview Ave, Springfield, IL 62769",555-010-0069,id-0069
row-0118,"Baker, Carter",cbaker@mail.example.org,"3535 35 Orchard Rd, Springfield, IL 62735 Apt 15",(555) 010.0035,id-0035
row-0119,Vcitoria Hale,victoria.hale3@example.net,"7475 74 Sunset Rd, Springfield, IL 62774",555-010-0074,id-0074
row-0120,"Newman, Sadie",snewman@mail.example.org,,(555) 010.0087,id-0087
row-0121,"Roberts, Ryan",rroberts@mail.example.org,"4141 41 Vista St, Springfield, IL 62741 Apt 1",(555) 010.0041,id-0041
row-0122,Noah Davis,,,(555) 010-0004,id-0004
row-0123,Ryan Roberts,,"41 Vista St, Springfield, IL 62741",(555) 010-0041,id-0041
row-0124,Crhistopher Allen,christopher.allen3@example.net,"2524 25 Ridge St, Springfield, IL 62725",555-010-0025,id-0025
row-0125,"Stone, Megan",mstone@mail.example.org,"9494 94 Pineview St, Springfield, IL 62794 Apt 14",(555) 010.0094,id-0094
row-0126,Hnery Jackson,henry.jackson3@example.net,,555-010-0011,id-0011
row-0127,Liam Brown,,"3 Pine Rd., Springfield, IL 62703",(555) 010-0003,id-0003
row-0128,Matthew Lewis,,"21 Locust St, Springfield, IL 62721",(555) 010-0021,id-0021
row-0129,Jcakson Hernandez,jackson.hernandez5@example.net,"2726 27 Meadow Rd, Springfield, IL 62727",555-010-0027,id-0027
row-0130,Landon Cooper,,"60 Lowry Ave., Springfield, IL 62760",(555) 010-0060,id-0060
row-0131,Stella Pierce,,"75 Sunrise Blvd, Springfield, IL 62775",(555) 010-0075,id-0075
row-0132,Olivia Smith,,"2 Maple Ave., Springfield, IL 62702",(555) 010-0002,id-0002
row-0133,"Harvey, Danielle",dharvey@mail.example.org,"9999 99 Harbor St, Springfield, IL 62799 Apt 19",(555) 010.0099,id-0099
row-0134,Logan King,,"28 Brook Blvd, Springfield, IL 62728",(555) 010-0028,id-0028
row-0135,"Webb, Hailey",hwebb@mail.example.org,"8585 85 Northview St, Springfield, IL 62785 Apt 5",(555) 010.0085,id-0085
row-0136,Jsamine Burke,jasmine.burke6@example.net,"8485 84 Brookview Ln, Springfield, IL 62784",555-010-0084,id-0084
row-0137,Hannah Bishop,,"82 Orchardview Ave., Springfield, IL 62782",(555) 010-0082,id-0082
row-0138,"Scott, Mateo",mscott@mail.example.org,"3232 32 River Blvd, Springfield, IL 62732 Apt 12",,id-0032
row-0139,"Murphy, Hunter",hmurphy@mail.example.org,,(555) 010.0057,id-0057
row-0140,"Martinez, Ethan",emartinez@mail.example.org,,(555) 010.0017,id-0017
row-0141,Eelanor Fox,eleanor.fox1@example.net,"8687 86 Southview Ave, Springfield, IL 62786",,id-0086
row-0142,Andrew Young,,"26 Glen Ave., Springfield, IL 62726",(555) 010-0026,id-0026
row-0143,Aemlia Thomas,amelia.thomas2@example.net,"1011 10 Ash Blvd, Springfield, IL 62710",555-010-0010,id-0010
row-0144,Crhistian Campbell,christian.campbell1@example.net,"4445 44 Ridgeview Ln, Springfield, IL 62744",555-010-0044,id-0044
row-0145,Msaon Garcia,mason.garcia1@example.net,"1617 16 Alder Ln, Springfield, IL 62716",,id-0016
row-0146,"Phillips, Anthony",aphillips@mail.example.org,"4343 43 Meadowbrook Rd, Springfield, IL 62743 Apt 3",(555) 010.0043,id-0043
row-0147,Lucy Lynch,,"83 Valley Rd., Springfield, IL 62783",(555) 010-0083,id-0083
row-0148,Emma Johnson,emma.johnson0@example.net,,555-010-0001,id-0001
row-0149,Leah Chavez,,"80 Hilltop Blvd, Springfield, IL 62780",(555) 010-0080,id-0080
row-0150,Hnuter Murphy,hunter.murphy0@example.net,"5756 57 Seaview Blvd, Springfield, IL 62757",555-010-0057,id-0057
row-0151,Samantha Fox,,"96 Forest Ln, Springfield, IL 62796",(555) 010-0096,id-0096
row-0152,Adnrew Young,andrew.young4@example.net,"2627 26 Glen Ave, Springfield, IL 62726",,id-0026
row-0153,"Palmer, Audrey",apalmer@mail.example.org,,(555) 010.0077,id-0077
row-0154,Lvei Lopez,levi.lopez1@example.net,"3031 30 Harbor Ave, Springfield, IL 62730",555-010-0030,id-0030
row-0155,Cloe Bryant,cole.bryant4@example.net,"6869 68 Evergreen St, Springfield, IL 62768",555-010-0068,id-0068
row-0156,Jordan Cox,,"62 Country Ln, Springfield, IL 62762",(555) 010-0062,id-0062
row-0157,"Thomas, Amelia",athomas@mail.example.org,"1010 10 Ash Blvd, Springfield, IL 62710 Apt 10",(555) 010.0010,id-0010
row-0158,"Johnson, Emma",ejohnson@mail.example.org,"123 1 Oak St, Springfield, IL 62701 Apt 1",(555) 010.0001,id-0001
row-0159,Cahrles Collins,charles.collins5@example.net,"4849 48 West Blvd, Springfield, IL 62748",555-010-0048,id-0048
row-0160,Joseph Lee,,"22 Beech Ave., Springfield, IL 62722",(555) 010-0022,id-0022
row-0161,Peyton McCoy,,"88 Westview Blvd, Springfield, IL 62788",(555) 010-0088,id-0088
row-0162,Smaantha Fox,samantha.fox4@example.net,"9697 96 Forest Ln, Springfield, IL 62796",,id-0096
row-0163,Zachary Bell,,"56 Harbor Ln, Springfield, IL 62756",(555) 010-0056,id-0056
row-0164,Nora Vaughn,,"92 Cliffside Blvd, Springfield, IL 62792",(555) 010-0092,id-0092
row-0165,"Green, Owen",ogreen@mail.example.org,"3333 33 Hill St, Springfield, IL 62733 Apt 13",(555) 010.0033,id-0033
row-0166,"Hayes, Leonardo",lhayes@mail.example.org,,(555) 010.0067,id-0067
row-0167,"Morris, Connor",cmorris@mail.example.org,"5151 51 Pinecrest Rd, Springfield, IL 62751 Apt 11",(555) 010.0051,id-0051
row-0168,Lkue Nelson,luke.nelson1@example.net,"3736 37 Summit St, Springfield, IL 62737",555-010-0037,id-0037
row-0169,"Fox, Eleanor",efox@mail.example.org,"8686 86 Southview Ave, Springfield, IL 62786 Apt 6",(555) 010.0086,id-0086
row-0170,Jeremiah Cook,,,(555) 010-0054,id-0054
row-0171,Bnejamin Martin,benjamin.martin6@example.net,"1415 14 Magnolia Ave, Springfield, IL 62714",555-010-0014,id-0014
row-0172,Amelia Thomas,,"10 Ash Blvd, Springfield, IL 62710",(555) 010-0010,id-0010
row-0173,Denise Hopkins,,"100 Oakview Ave., Springfield, IL 62800",(555) 010-0100,id-0100
row-0174,"Taylor, Mia",mtaylor@mail.example.org,"890 8 Chestnut Rd, Springfield, IL 62708 Apt 8",(555) 010.0008,id-0008
row-0175,Atnhony Phillips,anthony.phillips0@example.net,"4342 43 Meadowbrook Rd, Springfield, IL 62743",555-010-0043,id-0043
row-0176,Christian Campbell,,,(555) 010-0044,id-0044
row-0177,Tyler Howard,,"63 Brookfield St, Springfield, IL 62763",(555) 010-0063,id-0063
row-0178,Nolan Dean,,"71 Brookside Ln, Springfield, IL 62771",(555) 010-0071,id-0071
row-0179,"Hill, Sebastian",shill@mail.example.org,"3131 31 Lake Rd, Springfield, IL 62731 Apt 11",(555) 010.0031,id-0031
row-0180,Cole Bryant,,"68 Evergreen St, Springfield, IL 62768",(555) 010-0068,id-0068
row-0181,"Richardson, Brayden",brichardson@mail.example.org,"6161 61 Parkview Rd, Springfield, IL 62761 Apt 1",(555) 010.0061,id-0061
row-0182,Luke Nelson,,"37 Summit St, Springfield, IL 62737",(555) 010-0037,id-0037
row-0183,"Sanchez, Aaron",asanchez@mail.example.org,"5050 50 Bayside Ave, Springfield, IL 62750 Apt 10",(555) 010.0050,id-0050
row-0184,"Howard, Tyler",thoward@mail.example.org,"6363 63 Brookfield St, Springfield, IL 62763 Apt 3",(555) 010.0063,id-0063
row-0185,"Evans, Isaiah",ievans@mail.example.org,"4646 46 South Ave, Springfield, IL 62746 Apt 6",(555) 010.0046,id-0046
row-0186,"Collins, Charles",ccollins@mail.example.org,"4848 48 West Blvd, Springfield, IL 62748 Apt 8",(555) 010.0048,id-0048
row-0187,Sadie Newman,,"87 Eastview Rd., Springfield, IL 62787",(555) 010-0087,id-0087
row-0188,"White, William",wwhite@mail.example.org,"1212 12 Spruce Ct, Springfield, IL 62712 Apt 12",,id-0012
row-0189,Samuel Walker,,"23 Fir Rd., Springfield, IL 62723",(555) 010-0023,id-0023
row-0190,Jmaes Harris,james.harris5@example.net,"1312 13 Sycamore St, Springfield, IL 62713",555-010-0013,id-0013
row-0191,Ntahan Perez,nathan.perez4@example.net,"4041 40 Grove Blvd, Springfield, IL 62740",555-010-0040,id-0040
row-0192,"Morgan, Robert",rmorgan@mail.example.org,"5555 55 Greenway Rd, Springfield, IL 62755 Apt 15",(555) 010.0055,id-0055
row-0193,Allison Cruz,allison.cruz3@example.net,"9594 95 Lakeview Rd, Springfield, IL 62795",555-010-0095,id-0095
row-0194,Anthony Phillips,,"43 Meadowbrook Rd., Springfield, IL 62743",(555) 010-0043,id-0043
row-0195,"Bell, Zachary",zbell@mail.example.org,"5656 56 Harbor Ln, Springfield, IL 62756 Apt 16",(555) 010.0056,id-0056
row-0196,Leonardo Hayes,,"67 Meadowlark Blvd, Springfield, IL 62767",(555) 010-0067,id-0067
row-0197,"Bryant, Cole",cbryant@mail.example.org,"6868 68 Evergreen St, Springfield, IL 62768 Apt 8",(555) 010.0068,id-0068
row-0198,Iyv Ramsey,ivy.ramsey4@example.net,"8988 89 Meadowview St, Springfield, IL 62789",555-010-0089,id-0089
row-0199,Eli Stewart,,"49 Harborview St, Springfield, IL 62749",,id-0049
row-0200,Mcihael Clark,michael.clark4@example.net,"1918 19 Palm Rd, Springfield, IL 62719",555-010-0019,id-0019
row-0201,Miranda Shaw,,"97 Meadow Ln, Springfield, IL 62797",(555) 010-0097,id-0097
row-0202,"Parks, Lydia",lparks@mail.example.org,"9393 93 Ridgecrest Ave, Springfield, IL 62793 Apt 13",(555) 010.0093,id-0093
row-0203,Crater Baker,carter.baker6@example.net,"3534 35 Orchard Rd, Springfield, IL 62735",555-010-0035,id-0035
row-0204,"Hernandez, Jackson",jhernandez@mail.example.org,,(555) 010.0027,id-0027
row-0205,"Brown, Liam",lbrown@mail.example.org,"345 3 Pine Rd, Springfield, IL 62703 Apt 3",(555) 010.0003,id-0003
row-0206,"Lynch, Lucy",llynch@mail.example.org,"8383 83 Valley Rd, Springfield, IL 62783 Apt 3",(555) 010.0083,id-0083
row-0207,"Miller, Ava",amiller@mail.example.org,"567 5 Birch Ln, Springfield, IL 62705 Apt 5",(555) 010.0005,id-0005
row-0208,Loenardo Hayes,leonardo.hayes3@example.net,"6766 67 Meadowlark Blvd, Springfield, IL 62767",555-010-0067,id-0067
row-0209,Miles Bennett,,"66 Orchard Ln, Springfield, IL 62766",(555) 010-0066,id-0066
row-0210,"King, Logan",lking@mail.example.org,"2828 28 Brook Blvd, Springfield, IL 62728 Apt 8",(555) 010.0028,id-0028
row-0211,Evan Rivera,,"59 High St, Springfield, IL 62759",,id-0059
row-0212,"Clark, Michael",mclark@mail.example.org,"1919 19 Palm Rd, Springfield, IL 62719 Apt 19",(555) 010.0019,id-0019
row-0213,"Moss, Elise",emoss@mail.example.org,"9191 91 Seaside Rd, Springfield, IL 62791 Apt 11",(555) 010.0091,id-0091
row-0214,"McCoy, Peyton",pmccoy@mail.example.org,"8888 88 Westview Blvd, Springfield, IL 62788 Apt 8",(555) 010.0088,id-0088
row-0215,Robert Morgan,,"55 Greenway Rd., Springfield, IL 62755",(555) 010-0055,id-0055
row-0216,Dvaid Hall,david.hall2@example.net,"2425 24 Maplewood Ln, Springfield, IL 62724",555-010-0024,id-0024
row-0217,Boroke Kim,brooke.kim3@example.net,,555-010-0081,id-0081
row-0218,Nathan Perez,,"40 Grove Blvd, Springfield, IL 62740",(555) 010-0040,id-0040
row-0219,Myaa Ortiz,maya.ortiz1@example.net,"7978 79 Bayshore Rd, Springfield, IL 62779",555-010-0079,id-0079
row-0220,"Lewis, Matthew",mlewis@mail.example.org,"2121 21 Locust St, Springfield, IL 62721 Apt 1",(555) 010.0021,id-0021
row-0221,Tlyer Howard,tyler.howard6@example.net,"6362 63 Brookfield St, Springfield, IL 62763",555-010-0063,id-0063
row-0222,Isaiah Evans,,"46 South Ave., Springfield, IL 62746",(555) 010-0046,id-0046
row-0223,Lucas Thompson,,"15 Dogwood Rd., Springfield, IL 62715",(555) 010-0015,id-0015
row-0224,Laeh Chavez,leah.chavez2@example.net,"8081 80 Hilltop Blvd, Springfield, IL 62780",555-010-0080,id-0080
row-0225,"Rogers, Nicholas",nrogers@mail.example.org,"5252 52 Southridge Ln, Springfield, IL 62752 Apt 12",,id-0052
row-0226,Iasbella Moore,isabella.moore6@example.net,"788 7 Walnut Ave, Springfield, IL 62707",555-010-0007,id-0007
row-0227,Zcahary Bell,zachary.bell6@example.net,"5657 56 Harbor Ln, Springfield, IL 62756",,id-0056
row-0228,Nroa Vaughn,nora.vaughn0@example.net,"9293 92 Cliffside Blvd, Springfield, IL 62792",555-010-0092,id-0092
row-0229,"Cooper, Landon",lcooper@mail.example.org,"6060 60 Lowry Ave, Springfield, IL 62760 Apt 20",(555) 010.0060,id-0060
row-0230,"Walker, Samuel",swalker@mail.example.org,"2323 23 Fir Rd, Springfield, IL 62723 Apt 3",(555) 010.0023,id-0023
row-0231,Cmaeron Bailey,cameron.bailey1@example.net,"5859 58 Ridgecrest St, Springfield, IL 62758",555-010-0058,id-0058
row-0232,"Robinson, Alexander",arobinson@mail.example.org,"1818 18 Cypress Ave, Springfield, IL 62718 Apt 18",(555) 010.0018,id-0018
row-0233,Sbeastian Hill,sebastian.hill2@example.net,,555-010-0031,id-0031
row-0234,Mateo Scott,,"32 River Blvd, Springfield, IL 62732",(555) 010-0032,id-0032
row-0235,"Martin, Benjamin",bmartin@mail.example.org,"1414 14 Magnolia Ave, Springfield, IL 62714 Apt 14",(555) 010.0014,id-0014
row-0236,Mtaeo Scott,mateo.scott3@example.net,"3233 32 River Blvd, Springfield, IL 62732",555-010-0032,id-0032
row-0237,Ntaalie Diaz,natalie.diaz1@example.net,"7273 72 Fox Run St, Springfield, IL 62772",555-010-0072,id-0072
row-0238,Rboert Morgan,robert.morgan5@example.net,"5554 55 Greenway Rd, Springfield, IL 62755",555-010-0055,id-0055
row-0239,"Mitchell, Caleb",cmitchell@mail.example.org,"3939 39 Park Rd, Springfield, IL 62739 Apt 19",(555) 010.0039,id-0039
row-0240,Dnaielle Harvey,danielle.harvey0@example.net,"9998 99 Harbor St, Springfield, IL 62799",555-010-0099,id-0099
row-0241,Owen Green,,"33 Hill St, Springfield, IL 62733",(555) 010-0033,id-0033
row-0242,Charlotte Anderson,,"9 Poplar St, Springfield, IL 62709",,id-0009
row-0243,"Hale, Victoria",vhale@mail.example.org,"7474 74 Sunset Rd, Springfield, IL 62774 Apt 14",(555) 010.0074,id-0074
row-0244,"Rodriguez, Daniel",drodriguez@mail.example.org,"2020 20 Olive Blvd, Springfield, IL 62720 Apt 20",(555) 010.0020,id-0020
row-0245,"Spencer, Ruby",rspencer@mail.example.org,"7373 73 Pine Hollow Ave, Springfield, IL 62773 Apt 13",(555) 010.0073,id-0073
row-0246,"Moore, Isabella",imoore@mail.example.org,,(555) 010.0007,id-0007
row-0247,"Allen, Christopher",callen@mail.example.org,"2525 25 Ridge St, Springfield, IL 62725 Apt 5",(555) 010.0025,id-0025
row-0248,"Bennett, Miles",mbennett@mail.example.org,"6666 66 Orchard Ln, Springfield, IL 62766 Apt 6",(555) 010.0066,id-0066
row-0249,Daniel Rodriguez,,"20 Olive Blvd, Springfield, IL 62720",(555) 010-0020,id-0020
row-0250,Hunter Murphy,,"57 Seaview Blvd, Springfield, IL 62757",(555) 010-0057,id-0057
row-0251,"Davis, Noah",ndavis@mail.example.org,"456 4 Cedar Blvd, Springfield, IL 62704 Apt 4",(555) 010.0004,id-0004
row-0252,"Wilson, Sophia",swilson@mail.example.org,"678 6 Elm St, Springfield, IL 62706 Apt 6",(555) 010.0006,id-0006
row-0253,Baryden Richardson,brayden.richardson4@example.net,,555-010-0061,id-0061
row-0254,Ivy Ramsey,,"89 Meadowview St, Springfield, IL 62789",,id-0089
row-0255,Araon Sanchez,aaron.sanchez0@example.net,"5051 50 Bayside Ave, Springfield, IL 62750",555-010-0050,id-0050
row-0256,"Cox, Jordan",jcox@mail.example.org,"6262 62 Country Ln, Springfield, IL 62762 Apt 2",,id-0062
row-0257,Cnonor Morris,connor.morris1@example.net,,555-010-0051,id-0051
row-0258,Benjamin Martin,,,(555) 010-0014,id-0014
row-0259,Gavin Brooks,,"65 Hillcrest Rd., Springfield, IL 62765",(555) 010-0065,id-0065
row-0260,Jsoeph Lee,joseph.lee0@example.net,"2223 22 Beech Ave, Springfield, IL 62722",555-010-0022,id-0022
row-0261,Maya Ortiz,,"79 Bayshore Rd., Springfield, IL 62779",,id-0079
row-0262,Mia Taylor,,"8 Chestnut Rd., Springfield, IL 62708",(555) 010-0008,id-0008
row-0263,Iasiah Evans,isaiah.evans3@example.net,"4647 46 South Ave, Springfield, IL 62746",,id-0046
row-0264,"Rivera, Evan",erivera@mail.example.org,"5959 59 High St, Springfield, IL 62759 Apt 19",(555) 010.0059,id-0059
row-0265,Jrodan Cox,jordan.cox5@example.net,"6263 62 Country Ln, Springfield, IL 62762",555-010-0062,id-0062
row-0266,Ethan Martinez,,"17 Hickory St, Springfield, IL 62717",(555) 010-0017,id-0017
row-0267,"Brooks, Gavin",gbrooks@mail.example.org,"6565 65 Hillcrest Rd, Springfield, IL 62765 Apt 5",(555) 010.0065,id-0065
row-0268,"Fox, Samantha",sfox@mail.example.org,"9696 96 Forest Ln, Springfield, IL 62796 Apt 16",(555) 010.0096,id-0096
row-0269,"Stevens, Valerie",vstevens@mail.example.org,"9898 98 Brook Rd, Springfield, IL 62798 Apt 18",(555) 010.0098,id-0098
row-0270,Cameron Bailey,,"58 Ridgecrest St, Springfield, IL 62758",(555) 010-0058,id-0058
row-0271,"Nelson, Luke",lnelson@mail.example.org,,(555) 010.0037,id-0037
row-0272,Jackson Hernandez,,"27 Meadow Rd., Springfield, IL 62727",(555) 010-0027,id-0027
row-0273,Lydia Parks,,"93 Ridgecrest Ave., Springfield, IL 62793",(555) 010-0093,id-0093
row-0274,Eavn Rivera,evan.rivera2@example.net,"5958 59 High St, Springfield, IL 62759",555-010-0059,id-0059
row-0275,"Shaw, Miranda",mshaw@mail.example.org,,(555) 010.0097,id-0097
row-0276,Lgoan King,logan.king6@example.net,"2829 28 Brook Blvd, Springfield, IL 62728",555-010-0028,id-0028
row-0277,Oilvia Smith,olivia.smith1@example.net,"235 2 Maple Ave, Springfield, IL 62702",555-010-0002,id-0002
row-0278,Charles Collins,,"48 West Blvd, Springfield, IL 62748",(555) 010-0048,id-0048
row-0279,Audrey Palmer,,"77 Green St, Springfield, IL 62777",(555) 010-0077,id-0077
row-0280,Dylan Carter,,"38 Terrace Ave., Springfield, IL 62738",(555) 010-0038,id-0038
row-0281,Natalie Diaz,,"72 Fox Run St, Springfield, IL 62772",(555) 010-0072,id-0072
row-0282,Valerie Stevens,,"98 Brook Rd., Springfield, IL 62798",(555) 010-0098,id-0098
row-0283,"Adams, Gabriel",gadams@mail.example.org,"3434 34 Brookside Ave, Springfield, IL 62734 Apt 14",(555) 010.0034,id-0034
row-0284,Ava Miller,,"5 Birch Ln, Springfield, IL 62705",(555) 010-0005,id-0005
row-0285,Sdaie Newman,sadie.newman2@example.net,"8786 87 Eastview Rd, Springfield, IL 62787",555-010-0087,id-0087
row-0286,"Perez, Nathan",nperez@mail.example.org,"4040 40 Grove Blvd, Springfield, IL 62740 Apt 20",(555) 010.0040,id-0040
row-0287,Dlyan Carter,dylan.carter2@example.net,"3839 38 Terrace Ave, Springfield, IL 62738",555-010-0038,id-0038
row-0288,"Garcia, Mason",mgarcia@mail.example.org,"1616 16 Alder Ln, Springfield, IL 62716 Apt 16",(555) 010.0016,id-0016
row-0289,Spohia Wilson,sophia.wilson5@example.net,"679 6 Elm St, Springfield, IL 62706",,id-0006
row-0290,Sophia Wilson,,"6 Elm St, Springfield, IL 62706",(555) 010-0006,id-0006
row-0291,Rbuy Spencer,ruby.spencer2@example.net,"7372 73 Pine Hollow Ave, Springfield, IL 62773",555-010-0073,id-0073
row-0292,"Thompson, Lucas",lthompson@mail.example.org,"1515 15 Dogwood Rd, Springfield, IL 62715 Apt 15",(555) 010.0015,id-0015
row-0293,Mgean Stone,megan.stone2@example.net,"9495 94 Pineview St, Springfield, IL 62794",555-010-0094,id-0094
row-0294,Alexander Robinson,,"18 Cypress Ave., Springfield, IL 62718",(555) 010-0018,id-0018
row-0295,"Hall, David",dhall@mail.example.org,"2424 24 Maplewood Ln, Springfield, IL 62724 Apt 4",(555) 010.0024,id-0024
row-0296,Claeb Mitchell,caleb.mitchell3@example.net,"3938 39 Park Rd, Springfield, IL 62739",555-010-0039,id-0039
row-0297,"Turner, Isaac",iturner@mail.example.org,"4242 42 Crest Ave, Springfield, IL 62742 Apt 2",,id-0042
row-0298,"Edwards, Thomas",tedwards@mail.example.org,,(555) 010.0047,id-0047
row-0299,Aav Miller,ava.miller4@example.net,"566 5 Birch Ln, Springfield, IL 62705",555-010-0005,id-0005
row-0300,Dnaiel Rodriguez,daniel.rodriguez5@example.net,"2021 20 Olive Blvd, Springfield, IL 62720",555-010-0020,id-0020
