name,email,address,phone,true_id
Emma Johnson,emma.johnson@example.com,"123 1 Oak St, Springfield, IL 62701",(555) 010-0001,id-0001
Olivia Smith,olivia.smith@example.com,"234 2 Maple Ave, Springfield, IL 62702",(555) 010-0002,id-0002
Liam Brown,liam.brown@example.com,"345 3 Pine Rd, Springfield, IL 62703",(555) 010-0003,id-0003
Noah Davis,noah.davis@example.com,"456 4 Cedar Blvd, Springfield, IL 62704",(555) 010-0004,id-0004
Ava Miller,ava.miller@example.com,"567 5 Birch Ln, Springfield, IL 62705",(555) 010-0005,id-0005
Sophia Wilson,sophia.wilson@example.com,"678 6 Elm St, Springfield, IL 62706",(555) 010-0006,id-0006
Isabella Moore,isabella.moore@example.com,"789 7 Walnut Ave, Springfield, IL 62707",(555) 010-0007,id-0007
Mia Taylor,mia.taylor@example.com,"890 8 Chestnut Rd, Springfield, IL 62708",(555) 010-0008,id-0008
Charlotte Anderson,charlotte.anderson@example.com,"901 9 Poplar St, Springfield, IL 62709",(555) 010-0009,id-0009
Amelia Thomas,amelia.thomas@example.com,"1010 10 Ash Blvd, Springfield, IL 62710",(555) 010-0010,id-0010
Henry Jackson,henry.jackson@example.com,"1111 11 Willow Dr, Springfield, IL 62711",(555) 010-0011,id-0011
William White,william.white@example.com,"1212 12 Spruce Ct, Springfield, IL 62712",(555) 010-0012,id-0012
James Harris,james.harris@example.com,"1313 13 Sycamore St, Springfield, IL 62713",(555) 010-0013,id-0013
Benjamin Martin,benjamin.martin@example.com,"1414 14 Magnolia Ave, Springfield, IL 62714",(555) 010-0014,id-0014
Lucas Thompson,lucas.thompson@example.com,"1515 15 Dogwood Rd, Springfield, IL 62715",(555) 010-0015,id-0015
Mason Garcia,mason.garcia@example.com,"1616 16 Alder Ln, Springfield, IL 62716",(555) 010-0016,id-0016
Ethan Martinez,ethan.martinez@example.com,"1717 17 Hickory St, Springfield, IL 62717",(555) 010-0017,id-0017
Alexander Robinson,alexander.robinson@example.com,"1818 18 Cypress Ave, Springfield, IL 62718",(555) 010-0018,id-0018
Michael Clark,michael.clark@example.com,"1919 19 Palm Rd, Springfield, IL 62719",(555) 010-0019,id-0019
Daniel Rodriguez,daniel.rodriguez@example.com,"2020 20 Olive Blvd, Springfield, IL 62720",(555) 010-0020,id-0020
Matthew Lewis,matthew.lewis@example.com,"2121 21 Locust St, Springfield, IL 62721",(555) 010-0021,id-0021
Joseph Lee,joseph.lee@example.com,"2222 22 Beech Ave, Springfield, IL 62722",(555) 010-0022,id-0022
Samuel Walker,samuel.walker@example.com,"2323 23 Fir Rd, Springfield, IL 62723",(555) 010-0023,id-0023
David Hall,david.hall@example.com,"2424 24 Maplewood Ln, Springfield, IL 62724",(555) 010-0024,id-0024
Christopher Allen,christopher.allen@example.com,"2525 25 Ridge St, Springfield, IL 62725",(555) 010-0025,id-0025
Andrew Young,andrew.young@example.com,"2626 26 Glen Ave, Springfield, IL 62726",(555) 010-0026,id-0026
Jackson Hernandez,jackson.hernandez@example.com,"2727 27 Meadow Rd, Springfield, IL 62727",(555) 010-0027,id-0027
Logan King,logan.king@example.com,"2828 28 Brook Blvd, Springfield, IL 62728",(555) 010-0028,id-0028
Jacob Wright,jacob.wright@example.com,"2929 29 Field St, Springfield, IL 62729",(555) 010-0029,id-0029
Levi Lopez,levi.lopez@example.com,"3030 30 Harbor Ave, Springfield, IL 62730",(555) 010-0030,id-0030
Sebastian Hill,sebastian.hill@example.com,"3131 31 Lake Rd, Springfield, IL 62731",(555) 010-0031,id-0031
Mateo Scott,mateo.scott@example.com,"3232 32 River Blvd, Springfield, IL 62732",(555) 010-0032,id-0032
Owen Green,owen.green@example.com,"3333 33 Hill St, Springfield, IL 62733",(555) 010-0033,id-0033
Gabriel Adams,gabriel.adams@example.com,"3434 34 Brookside Ave, Springfield, IL 62734",(555) 010-0034,id-0034
Carter Baker,carter.baker@example.com,"3535 35 Orchard Rd, Springfield, IL 62735",(555) 010-0035,id-0035
Jayden Gonzalez,jayden.gonzalez@example.com,"3636 36 Valley Ln, Springfield, IL 62736",(555) 010-0036,id-0036
Luke Nelson,luke.nelson@example.com,"3737 37 Summit St, Springfield, IL 62737",(555) 010-0037,id-0037
Dylan Carter,dylan.carter@example.com,"3838 38 Terrace Ave, Springfield, IL 62738",(555) 010-0038,id-0038
Caleb Mitchell,caleb.mitchell@example.com,"3939 39 Park Rd, Springfield, IL 62739",(555) 010-0039,id-0039
Nathan Perez,nathan.perez@example.com,"4040 40 Grove Blvd, Springfield, IL 62740",(555) 010-0040,id-0040
Ryan Roberts,ryan.roberts@example.com,"4141 41 Vista St, Springfield, IL 62741",(555) 010-0041,id-0041
Isaac Turner,isaac.turner@example.com,"4242 42 Crest Ave, Springfield, IL 62742",(555) 010-0042,id-0042
Anthony Phillips,anthony.phillips@example.com,"4343 43 Meadowbrook Rd, Springfield, IL 62743",(555) 010-0043,id-0043
Christian Campbell,christian.campbell@example.com,"4444 44 Ridgeview Ln, Springfield, IL 62744",(555) 010-0044,id-0044
Jonathan Parker,jonathan.parker@example.com,"4545 45 North St, Springfield, IL 62745",(555) 010-0045,id-0045
Isaiah Evans,isaiah.evans@example.com,"4646 46 South Ave, Springfield, IL 62746",(555) 010-0046,id-0046
Thomas Edwards,thomas.edwards@example.com,"4747 47 East Rd, Springfield, IL 62747",(555) 010-0047,id-0047
Charles Collins,charles.collins@example.com,"4848 48 West Blvd, Springfield, IL 62748",(555) 010-0048,id-0048
Eli Stewart,eli.stewart@example.com,"4949 49 Harborview St, Springfield, IL 62749",(555) 010-0049,id-0049
Aaron Sanchez,aaron.sanchez@example.com,"5050 50 Bayside Ave, Springfield, IL 62750",(555) 010-0050,id-0050
Connor Morris,connor.morris@example.com,"5151 51 Pinecrest Rd, Springfield, IL 62751",(555) 010-0051,id-0051
Nicholas Rogers,nicholas.rogers@example.com,"5252 52 Southridge Ln, Springfield, IL 62752",(555) 010-0052,id-0052
Adrian Reed,adrian.reed@example.com,"5353 53 Westlake St, Springfield, IL 62753",(555) 010-0053,id-0053
Jeremiah Cook,jeremiah.cook@example.com,"5454 54 Eastwood Ave, Springfield, IL 62754",(555) 010-0054,id-0054
Robert Morgan,robert.morgan@example.com,"5555 55 Greenway Rd, Springfield, IL 62755",(555) 010-0055,id-0055
Zachary Bell,zachary.bell@example.com,"5656 56 Harbor Ln, Springfield, IL 62756",(555) 010-0056,id-0056
Hunter Murphy,hunter.murphy@example.com,"5757 57 Seaview Blvd, Springfield, IL 62757",(555) 010-0057,id-0057
Cameron Bailey,cameron.bailey@example.com,"5858 58 Ridgecrest St, Springfield, IL 62758",(555) 010-0058,id-0058
Evan Rivera,evan.rivera@example.com,"5959 59 High St, Springfield, IL 62759",(555) 010-0059,id-0059
Landon Cooper,landon.cooper@example.com,"6060 60 Lowry Ave, Springfield, IL 62760",(555) 010-0060,id-0060
Brayden Richardson,brayden.richardson@example.com,"6161 61 Parkview Rd, Springfield, IL 62761",(555) 010-0061,id-0061
Jordan Cox,jordan.cox@example.com,"6262 62 Country Ln, Springfield, IL 62762",(555) 010-0062,id-0062
Tyler Howard,tyler.howard@example.com,"6363 63 Brookfield St, Springfield, IL 62763",(555) 010-0063,id-0063
Austin Ward,austin.ward@example.com,"6464 64 Lakeside Ave, Springfield, IL 62764",(555) 010-0064,id-0064
Gavin Brooks,gavin.brooks@example.com,"6565 65 Hillcrest Rd, Springfield, IL 62765",(555) 010-0065,id-0065
Miles Bennett,miles.bennett@example.com,"6666 66 Orchard Ln, Springfield, IL 62766",(555) 010-0066,id-0066
Leonardo Hayes,leonardo.hayes@example.com,"6767 67 Meadowlark Blvd, Springfield, IL 62767",(555) 010-0067,id-0067
Cole Bryant,cole.bryant@example.com,"6868 68 Evergreen St, Springfield, IL 62768",(555) 010-0068,id-0068
Parker Fisher,parker.fisher@example.com,"6969 69 Cedarview Ave, Springfield, IL 62769",(555) 010-0069,id-0069
Wesley Ford,wesley.ford@example.com,"7070 70 Timber Rd, Springfield, IL 62770",(555) 010-0070,id-0070
Nolan Dean,nolan.dean@example.com,"7171 71 Brookside Ln, Springfield, IL 62771",(555) 010-0071,id-0071
Natalie Diaz,natalie.diaz@example.com,"7272 72 Fox Run St, Springfield, IL 62772",(555) 010-0072,id-0072
Ruby Spencer,ruby.spencer@example.com,"7373 73 Pine Hollow Ave, Springfield, IL 62773",(555) 010-0073,id-0073
Victoria Hale,victoria.hale@example.com,"7474 74 Sunset Rd, Springfield, IL 62774",(555) 010-0074,id-0074
Stella Pierce,stella.pierce@example.com,"7575 75 Sunrise Blvd, Springfield, IL 62775",(555) 010-0075,id-0075
Zoe Marshall,zoe.marshall@example.com,"7676 76 Ridgeway St, Springfield, IL 62776",(555) 010-0076,id-0076
Audrey Palmer,audrey.palmer@example.com,"7777 77 Green St, Springfield, IL 62777",(555) 010-0077,id-0077
Claire Nichols,claire.nichols@example.com,"7878 78 Harborview Ave, Springfield, IL 62778",(555) 010-0078,id-0078
Maya Ortiz,maya.ortiz@example.com,"7979 79 Bayshore Rd, Springfield, IL 62779",(555) 010-0079,id-0079
Leah Chavez,leah.chavez@example.com,"8080 80 Hilltop Blvd, Springfield, IL 62780",(555) 010-0080,id-0080
Brooke Kim,brooke.kim@example.com,"8181 81 Glenwood St, Springfield, IL 62781",(555) 010-0081,id-0081
Hannah Bishop,hannah.bishop@example.com,"8282 82 Orchardview Ave, Springfield, IL 62782",(555) 010-0082,id-0082
Lucy Lynch,lucy.lynch@example.com,"8383 83 Valley Rd, Springfield, IL 62783",(555) 010-0083,id-0083
Jasmine Burke,jasmine.burke@example.com,"8484 84 Brookview Ln, Springfield, IL 62784",(555) 010-0084,id-0084
Hailey Webb,hailey.webb@example.com,"8585 85 Northview St, Springfield, IL 62785",(555) 010-0085,id-0085
Eleanor Fox,eleanor.fox@example.com,"8686 86 Southview Ave, Springfield, IL 62786",(555) 010-0086,id-0086
Sadie Newman,sadie.newman@example.com,"8787 87 Eastview Rd, Springfield, IL 62787",(555) 010-0087,id-0087
Peyton McCoy,peyton.mccoy@example.com,"8888 88 Westview Blvd, Springfield, IL 62788",(555) 010-0088,id-0088
Ivy Ramsey,ivy.ramsey@example.com,"8989 89 Meadowview St, Springfield, IL 62789",(555) 010-0089,id-0089
Vivian Grant,vivian.grant@example.com,"9090 90 Riverview Ave, Springfield, IL 62790",(555) 010-0090,id-0090
Elise Moss,elise.moss@example.com,"9191 91 Seaside Rd, Springfield, IL 62791",(555) 010-0091,id-0091
Nora Vaughn,nora.vaughn@example.com,"9292 92 Cliffside Blvd, Springfield, IL 62792",(555) 010-0092,id-0092
Lydia Parks,lydia.parks@example.com,"9393 93 Ridgecrest Ave, Springfield, IL 62793",(555) 010-0093,id-0093
Megan Stone,megan.stone@example.com,"9494 94 Pineview St, Springfield, IL 62794",(555) 010-0094,id-0094
Allison Cruz,allison.cruz@example.com,"9595 95 Lakeview Rd, Springfield, IL 62795",(555) 010-0095,id-0095
Samantha Fox,samantha.fox@example.com,"9696 96 Forest Ln, Springfield, IL 62796",(555) 010-0096,id-0096
Miranda Shaw,miranda.shaw@example.com,"9797 97 Meadow Ln, Springfield, IL 62797",(555) 010-0097,id-0097
Valerie Stevens,valerie.stevens@example.com,"9898 98 Brook Rd, Springfield, IL 62798",(555) 010-0098,id-0098
Danielle Harvey,danielle.harvey@example.com,"9999 99 Harbor St, Springfield, IL 62799",(555) 010-0099,id-0099
Denise Hopkins,denise.hopkins@example.com,"10000 100 Oakview Ave, Springfield, IL 62800",(555) 010-0100,id-0100
